" 0.2016613930"," 0.2021875530"," 0.1860659868"," 0.1671468168"," 0.1468793154"," 0.1435642689"," 0.1420799345"," 0.1367227435"," 0.1394540668"," 0.1435246617"," 0.1292142272"," 0.1275710911"," 0.1311621070"," 0.1284032613"," 0.1268346608"," 0.1190047637"," 0.1216658652"," 0.1057430804"," 0.1248805523"," 0.1059064344"," 0.1173388585"," 0.1093663573"," 0.1023278758"," 0.1011899635"," 0.0982831493"," 0.0764391646"," 0.0925269350"," 0.0993257090"," 0.1024955139"," 0.1090824977"," 0.0973964557"," 0.0658457130"," 0.0806777552"," 0.0926345885"," 0.0747283623"," 0.0616769828"," 0.0955284238"," 0.0706399605"," 0.0851277485"," 0.0873326585"," 0.0901643634"," 0.0657575503"," 0.0893263444"," 0.0611977540"," 0.0855161548"," 0.0557609685"," 0.0569590814"," 0.0708791837"," 0.0651199222"," 0.0499884486"
" 0.2835176885"," 0.2032326311"," 0.1816010028"," 0.1608277112"," 0.1452169120"," 0.1461736709"," 0.1421759576"," 0.1376565844"," 0.1326081306"," 0.1362479925"," 0.1346349269"," 0.1335885376"," 0.1288342029"," 0.1318645775"," 0.1247381642"," 0.1387961060"," 0.1279819459"," 0.1112332866"," 0.1242160499"," 0.1029202938"," 0.1204220876"," 0.1267309636"," 0.0994084254"," 0.0832316354"," 0.1053124070"," 0.0854221061"," 0.0960809812"," 0.0962095559"," 0.0972175598"," 0.1052422225"," 0.0869906172"," 0.0985618010"," 0.0869132355"," 0.0806509107"," 0.0670621023"," 0.0900124982"," 0.0753820315"," 0.0826950818"," 0.0894193351"," 0.0734035447"," 0.0694503561"," 0.0844068527"," 0.0710753873"," 0.0723597333"," 0.0645343512"," 0.0662151203"," 0.0647450313"," 0.0587283522"," 0.0555853955"," 0.0716015026"
" 0.2579636574"," 0.2078460902"," 0.1785513312"," 0.1751418859"," 0.1480367333"," 0.1472869068"," 0.1430769265"," 0.1391261667"," 0.1447165608"," 0.1350752115"," 0.1329069883"," 0.1354809850"," 0.1206821129"," 0.1259853691"," 0.1301792264"," 0.1135790646"," 0.1248055100"," 0.1219108030"," 0.1054748669"," 0.1175243184"," 0.1062148511"," 0.1103173569"," 0.1044082046"," 0.1077252254"," 0.1097036228"," 0.0913211107"," 0.0969716385"," 0.0792022943"," 0.1003357172"," 0.1124210656"," 0.0882249773"," 0.0811567008"," 0.1343016475"," 0.0693504959"," 0.0729446709"," 0.0778398588"," 0.0825781897"," 0.0846193060"," 0.0809797198"," 0.0859038532"," 0.0687602684"," 0.0480702259"," 0.0677252561"," 0.0704511106"," 0.0651221946"," 0.0644962937"," 0.0885944664"," 0.0593982339"," 0.0645647943"," 0.0803354457"
" 0.3015046716"," 0.2178198099"," 0.1855304986"," 0.1591898054"," 0.1416349858"," 0.1424684972"," 0.1380562633"," 0.1415999830"," 0.1332499087"," 0.1328761727"," 0.1108788922"," 0.1402317733"," 0.1317577958"," 0.1332923323"," 0.1132093966"," 0.1319461614"," 0.1104613543"," 0.1066847742"," 0.1010631546"," 0.1152060106"," 0.1010140479"," 0.0934554860"," 0.1121101677"," 0.0991143361"," 0.0888550654"," 0.0943266451"," 0.0805538520"," 0.1040288135"," 0.0917117298"," 0.0821598396"," 0.1104799211"," 0.0903012678"," 0.0912134424"," 0.0819032863"," 0.0824692324"," 0.0664062127"," 0.0865854099"," 0.0807950348"," 0.0788394734"," 0.0926310718"," 0.0534033589"," 0.0737624094"," 0.0775282755"," 0.0658314452"," 0.0820255131"," 0.0529744923"," 0.0681546256"," 0.0655537695"," 0.0652826652"," 0.0668218732"
" 0.4779193103"," 0.1982416511"," 0.1671247631"," 0.1705073267"," 0.1460192353"," 0.1500208378"," 0.1443518847"," 0.1409193277"," 0.1400691122"," 0.1362915784"," 0.1348265857"," 0.1273257583"," 0.1243629158"," 0.1125335395"," 0.1261546612"," 0.1265639514"," 0.1274575144"," 0.0988489389"," 0.0968205258"," 0.1136247516"," 0.1193606853"," 0.0986097381"," 0.0889316425"," 0.0926039442"," 0.1142332032"," 0.0956772491"," 0.1057233214"," 0.0675088763"," 0.0866021290"," 0.1043170094"," 0.0769212097"," 0.1044421867"," 0.0810812861"," 0.1046990380"," 0.0539363362"," 0.0828207061"," 0.0637748316"," 0.0851922035"," 0.0792467073"," 0.0596087389"," 0.0819675252"," 0.0770752430"," 0.0678015351"," 0.0815057829"," 0.0631777868"," 0.0697004423"," 0.0685096309"," 0.0434979014"," 0.0833058134"," 0.0659473166"
" 0.3271034360"," 0.2375962585"," 0.1739476174"," 0.1766904593"," 0.1475471258"," 0.1411034465"," 0.1463334858"," 0.1381518841"," 0.1423645169"," 0.1343899518"," 0.1356409192"," 0.1324176341"," 0.1289207786"," 0.1200642511"," 0.1249958649"," 0.1196443215"," 0.1323027164"," 0.1260667145"," 0.1134371683"," 0.0990270004"," 0.1097454801"," 0.1182497516"," 0.1265388429"," 0.1218855605"," 0.1057029590"," 0.0994147360"," 0.0956890583"," 0.0674795657"," 0.0947138146"," 0.1143302619"," 0.1124536991"," 0.0969936624"," 0.0834298208"," 0.0816371515"," 0.0688365176"," 0.0771802738"," 0.0915346369"," 0.0864280686"," 0.0674257576"," 0.0667660683"," 0.0872363672"," 0.0737668574"," 0.0846098140"," 0.0754430220"," 0.0775380060"," 0.0612203740"," 0.0523416437"," 0.0543022305"," 0.0701681674"," 0.0678195134"
" 0.2784502804"," 0.2358821630"," 0.1539834440"," 0.1471269578"," 0.1493968666"," 0.1531194299"," 0.1709170341"," 0.1454118639"," 0.1361560822"," 0.1420544982"," 0.1403766423"," 0.1442912668"," 0.1284292489"," 0.1341250688"," 0.1321686655"," 0.1271464080"," 0.1152829006"," 0.1194415465"," 0.1275899708"," 0.1297888309"," 0.1062045470"," 0.0871040449"," 0.1122622266"," 0.1036611497"," 0.0863504037"," 0.0936295688"," 0.1100179031"," 0.0917405486"," 0.0935999155"," 0.1006068513"," 0.0994653627"," 0.0909937248"," 0.1011944190"," 0.0815406665"," 0.0770011023"," 0.1035507098"," 0.0857903659"," 0.0582359619"," 0.0588714667"," 0.0624529868"," 0.0439172499"," 0.0575994067"," 0.0688874349"," 0.0591192953"," 0.0698577538"," 0.0556266457"," 0.0684121177"," 0.0417765863"," 0.0689913779"," 0.0369434878"
" 0.3056946099"," 0.1785604358"," 0.1652483046"," 0.1678383946"," 0.1581264436"," 0.1443462968"," 0.1579253823"," 0.1367593259"," 0.1372197717"," 0.1319260150"," 0.1391979009"," 0.1882402450"," 0.1589140147"," 0.1314145327"," 0.1168165505"," 0.1094771549"," 0.1155169979"," 0.1290498674"," 0.1237139180"," 0.1095973849"," 0.0930627063"," 0.0906269923"," 0.0863988027"," 0.1079429090"," 0.1035147235"," 0.0783879235"," 0.0773037449"," 0.1006978452"," 0.0772742182"," 0.0715404078"," 0.1010505334"," 0.0859446600"," 0.0795669705"," 0.0807488412"," 0.0746485218"," 0.0736289397"," 0.0866267756"," 0.0621373914"," 0.0726989508"," 0.0729099885"," 0.0949217156"," 0.0817326307"," 0.0725890696"," 0.0760718212"," 0.0478628613"," 0.0394158252"," 0.0388368852"," 0.0761859119"," 0.0728318170"," 0.0779890344"
" 0.3358875215"," 0.3320707083"," 0.1859151125"," 0.1702131480"," 0.1429045945"," 0.1748722047"," 0.1431645900"," 0.1362020522"," 0.1362530440"," 0.1315730810"," 0.1307223737"," 0.1330385059"," 0.1241316795"," 0.1318106353"," 0.1163560674"," 0.1318434328"," 0.1288560778"," 0.0997444093"," 0.1294218004"," 0.1689166278"," 0.1292328537"," 0.1031694040"," 0.1082964465"," 0.1070112288"," 0.1087301746"," 0.1065769494"," 0.0946800411"," 0.1135213301"," 0.0740572885"," 0.1145976484"," 0.1006951928"," 0.1051575243"," 0.0857728496"," 0.0877732038"," 0.0976003632"," 0.1031207219"," 0.0747117251"," 0.0673189983"," 0.0868778825"," 0.0994606242"," 0.0603076853"," 0.0846395567"," 0.0541380607"," 0.0709747002"," 0.0688317046"," 0.1172094718"," 0.0783101395"," 0.0794013366"," 0.0822755024"," 0.0493455343"
" 0.6524648666"," 0.2961922884"," 0.1751468778"," 0.1877269000"," 0.1796814054"," 0.1484215558"," 0.1498266608"," 0.1368854642"," 0.1369693875"," 0.1326652020"," 0.1260781288"," 0.1301247925"," 0.1244851872"," 0.1292050928"," 0.1270619184"," 0.1270795614"," 0.1070809662"," 0.1196138263"," 0.1145358607"," 0.1145862862"," 0.1137031615"," 0.1040047035"," 0.1110448316"," 0.0995460972"," 0.0816822723"," 0.1195249632"," 0.0869510695"," 0.0752696469"," 0.0960807279"," 0.0931427106"," 0.1338779032"," 0.0936047658"," 0.0955346003"," 0.1102356687"," 0.1203385666"," 0.1085567698"," 0.0699133500"," 0.0552033447"," 0.0929083899"," 0.0580513962"," 0.0667643547"," 0.0782410651"," 0.0752927810"," 0.0709703639"," 0.0668543577"," 0.0725897849"," 0.0563915707"," 0.0573358387"," 0.0607551970"," 0.0617538951"
" 0.5710486770"," 0.2765897214"," 0.2195283920"," 0.1790378243"," 0.1666671634"," 0.1535903513"," 0.1411530375"," 0.1391481310"," 0.1404399127"," 0.1346404403"," 0.1324119866"," 0.2249711752"," 0.1302067935"," 0.1254325062"," 0.1315543205"," 0.1161423549"," 0.1258566827"," 0.1118252948"," 0.1806940883"," 0.1278483719"," 0.1030175015"," 0.0987606123"," 0.1136853993"," 0.0872205868"," 0.1046112850"," 0.1097295582"," 0.1010448411"," 0.0822033361"," 0.0764964670"," 0.0800005719"," 0.1110884622"," 0.0814270005"," 0.0810970217"," 0.0990082547"," 0.0708641037"," 0.1136808172"," 0.0695109814"," 0.0974295214"," 0.0649692789"," 0.0615179725"," 0.1018698439"," 0.0683604032"," 0.0740151778"," 0.0462660380"," 0.0661825091"," 0.0427524261"," 0.0486548245"," 0.0496456735"," 0.0959130004"," 0.0459253602"
" 0.3290089071"," 0.2082209587"," 0.1995688081"," 0.1611101180"," 0.1580714434"," 0.1453028023"," 0.1413952857"," 0.1494113952"," 0.1358748078"," 0.1193658188"," 0.1343548894"," 0.1282802075"," 0.1356842518"," 0.1241864040"," 0.1324959695"," 0.1208890453"," 0.1106941402"," 0.1056414545"," 0.1210848093"," 0.1202336624"," 0.1261437386"," 0.1012951434"," 0.1048199013"," 0.0914663896"," 0.1164197326"," 0.1090722382"," 0.0930567607"," 0.0855959952"," 0.0838916600"," 0.0681876689"," 0.0851680413"," 0.0846498236"," 0.0802512690"," 0.0927151069"," 0.0692818537"," 0.0627008155"," 0.0677848384"," 0.0843565241"," 0.0603674501"," 0.0638732538"," 0.0889330432"," 0.0876942053"," 0.0745672062"," 0.0565924942"," 0.0731275901"," 0.0917095616"," 0.0690763369"," 0.0604310818"," 0.0598699860"," 0.0432609059"
" 0.3461024463"," 0.1791031212"," 0.2171645761"," 0.1690071225"," 0.1650322527"," 0.1515721083"," 0.1364895403"," 0.1429651082"," 0.1592368335"," 0.1334468871"," 0.1359777898"," 0.1416674703"," 0.1258903146"," 0.1129910871"," 0.1284640580"," 0.1208919510"," 0.1195608377"," 0.1189574674"," 0.1244534180"," 0.1170355380"," 0.1319864839"," 0.1051445827"," 0.1056973860"," 0.1185741425"," 0.0943451896"," 0.0870876312"," 0.0778953806"," 0.1063288227"," 0.0861694887"," 0.1076621786"," 0.0999761000"," 0.0745476931"," 0.0956950709"," 0.1002715454"," 0.1078534126"," 0.0837678686"," 0.0731865540"," 0.0891906098"," 0.0662969723"," 0.0696952268"," 0.0891964734"," 0.0993046463"," 0.0645453855"," 0.0712422431"," 0.0957338884"," 0.1103569865"," 0.0852588043"," 0.0641556755"," 0.0836370662"," 0.0523222685"
" 0.3374046087"," 0.1927131563"," 0.2299205810"," 0.1784228683"," 0.1670459658"," 0.1439759880"," 0.1404380798"," 0.1474629492"," 0.1371792406"," 0.1338551193"," 0.1530934721"," 0.1177682579"," 0.1322270334"," 0.1415636688"," 0.1153693199"," 0.1306373626"," 0.1337745041"," 0.1173051372"," 0.0968674347"," 0.1181047335"," 0.1013576314"," 0.1244479194"," 0.1188484132"," 0.0966381803"," 0.1319670230"," 0.0974151418"," 0.1064040959"," 0.0755511746"," 0.0920088887"," 0.1085528433"," 0.1097908318"," 0.0761036947"," 0.0796557143"," 0.1057518497"," 0.1034416780"," 0.1227695271"," 0.1098803803"," 0.1143435612"," 0.1001288295"," 0.1142154410"," 0.0716111436"," 0.0749535784"," 0.0738063753"," 0.0681281611"," 0.0536433458"," 0.0873194635"," 0.0611561723"," 0.0639965907"," 0.0391048677"," 0.0502311625"
" 0.6404870152"," 0.1685942411"," 0.1767176837"," 0.1521368921"," 0.1484027952"," 0.1576286405"," 0.1397170275"," 0.1425755322"," 0.1430381387"," 0.1379466355"," 0.1379226893"," 0.1401420683"," 0.1174298599"," 0.1215499938"," 0.1219134629"," 0.1215862706"," 0.1393347532"," 0.1218371689"," 0.1293253005"," 0.1237762645"," 0.1216949821"," 0.1203408614"," 0.1256863475"," 0.1192319766"," 0.1096902117"," 0.0967758894"," 0.0947332904"," 0.1076545939"," 0.1016207933"," 0.0868394375"," 0.1252902001"," 0.0745190382"," 0.1228616834"," 0.0804636478"," 0.0944943354"," 0.0825358033"," 0.0781620219"," 0.0930195078"," 0.1019746289"," 0.0761723220"," 0.0579975955"," 0.0574892908"," 0.1000558957"," 0.0700950697"," 0.0690888092"," 0.1032341719"," 0.0915083513"," 0.0556007922"," 0.0963710546"," 0.0662555546"
" 0.3458198309"," 0.4430691004"," 0.2139857560"," 0.1661683470"," 0.1795709878"," 0.1497680545"," 0.1343989819"," 0.1337433010"," 0.1373439729"," 0.1391063780"," 0.1332362145"," 0.1362293214"," 0.1573586613"," 0.1284334213"," 0.1305418015"," 0.1327530742"," 0.1234732941"," 0.1224660799"," 0.1249288321"," 0.1423051506"," 0.1168695018"," 0.1197903752"," 0.0854800120"," 0.1099730358"," 0.1009829715"," 0.1228215992"," 0.0801545009"," 0.1224239767"," 0.1111822054"," 0.1331419796"," 0.1141025722"," 0.0936558470"," 0.1007615998"," 0.0948840156"," 0.1013095975"," 0.1086908281"," 0.0964136422"," 0.0838488340"," 0.0898866579"," 0.0670162067"," 0.1178748831"," 0.0873460695"," 0.0508299768"," 0.0597944856"," 0.0790197626"," 0.0944927260"," 0.0498053730"," 0.0670221075"," 0.1166930571"," 0.1280440092"
" 0.3422532380"," 0.3329081833"," 0.1793721765"," 0.1636217386"," 0.1501866281"," 0.1584728807"," 0.1428802758"," 0.1391292661"," 0.1414232552"," 0.1385058761"," 0.1299233586"," 0.1406137347"," 0.1166345701"," 0.1118484661"," 0.1298932731"," 0.1308233738"," 0.1417086869"," 0.1343550980"," 0.1321056783"," 0.1080141440"," 0.1247506067"," 0.1077859327"," 0.0843614042"," 0.1167416945"," 0.1048159525"," 0.1216958687"," 0.0948865339"," 0.1153703928"," 0.0825394019"," 0.0780852810"," 0.0766411945"," 0.1103787944"," 0.0694212019"," 0.1006613597"," 0.1033618674"," 0.1158676520"," 0.0747135654"," 0.1056803986"," 0.1333298832"," 0.0883472562"," 0.1195250228"," 0.1038116738"," 0.1326633245"," 0.0641991124"," 0.0620854646"," 0.0813758001"," 0.1032931730"," 0.0552969240"," 0.0891918167"," 0.1071219072"
" 0.3463530838"," 0.4804712534"," 0.2320667058"," 0.1662518084"," 0.1617884040"," 0.1453670710"," 0.1427318603"," 0.1361489147"," 0.1356304884"," 0.1448457688"," 0.1317544878"," 0.1371045560"," 0.1441219896"," 0.1088328436"," 0.1300147027"," 0.1109758392"," 0.1151878238"," 0.1329281777"," 0.1246441975"," 0.1037046313"," 0.1182509959"," 0.1034966633"," 0.1167846099"," 0.1293901652"," 0.0963288918"," 0.0914872512"," 0.1114625111"," 0.1037949324"," 0.1289757043"," 0.1091425717"," 0.0777361766"," 0.1206563413"," 0.1087727845"," 0.0992523730"," 0.1157411262"," 0.0896984711"," 0.0680942014"," 0.1069427803"," 0.0925547108"," 0.0570363738"," 0.0847811997"," 0.0534102507"," 0.0594311990"," 0.0781299844"," 0.1227160096"," 0.0620552711"," 0.1033376232"," 0.0628977343"," 0.0785999969"," 0.1315065324"
" 0.3430658579"," 0.4658050239"," 0.2576593757"," 0.1672607213"," 0.1636912525"," 0.1546395272"," 0.1430943012"," 0.1388229430"," 0.1481768042"," 0.1433219612"," 0.1394626647"," 0.1261712760"," 0.1410936862"," 0.1293461472"," 0.1420192868"," 0.1154807508"," 0.1219316646"," 0.1151010469"," 0.1337970793"," 0.1258748919"," 0.1198020205"," 0.1123940125"," 0.1038412228"," 0.0958759785"," 0.1084681675"," 0.0992936194"," 0.1149429902"," 0.1192348823"," 0.0911286473"," 0.1248402297"," 0.1187013313"," 0.1331681758"," 0.1142838076"," 0.1368379444"," 0.0949495137"," 0.0797183439"," 0.1110960618"," 0.0782773048"," 0.1104746088"," 0.1004940569"," 0.0655477718"," 0.0707894191"," 0.0746575743"," 0.0654958561"," 0.0530543439"," 0.0864611492"," 0.0531235933"," 0.1222501621"," 0.0930709615"," 0.0499295406"
" 0.3232375681"," 0.1940066665"," 0.1776610762"," 0.1854245514"," 0.1505389065"," 0.1626650244"," 0.1429739445"," 0.1395582259"," 0.1455053240"," 0.1403660327"," 0.1480500847"," 0.1366181076"," 0.1273011416"," 0.1184954271"," 0.1283102483"," 0.1316639483"," 0.1309975684"," 0.1267852485"," 0.1335783154"," 0.1333115846"," 0.1150554344"," 0.1138065383"," 0.1114387512"," 0.1357376128"," 0.1005822420"," 0.1201080456"," 0.1093658209"," 0.1262452602"," 0.0845213309"," 0.0933341160"," 0.0984045193"," 0.1031709909"," 0.1197339818"," 0.1175901964"," 0.1277593225"," 0.1047908440"," 0.0918146074"," 0.1196691096"," 0.0733597204"," 0.0799211934"," 0.1161291897"," 0.1000467315"," 0.1029215381"," 0.0667630658"," 0.0824266151"," 0.1130137518"," 0.0728069916"," 0.0815285817"," 0.0722990707"," 0.0645487532"
" 0.5614439845"," 0.2254018635"," 0.1772155315"," 0.2460437864"," 0.1857727915"," 0.1514592022"," 0.1424532682"," 0.1410045028"," 0.1373807490"," 0.1395120770"," 0.1342774779"," 0.1312001199"," 0.1327393204"," 0.1202647015"," 0.1358394772"," 0.1230555251"," 0.1063509881"," 0.1139239371"," 0.1380029172"," 0.1049733758"," 0.0926008597"," 0.1204993203"," 0.1128686890"," 0.1291767359"," 0.1220715120"," 0.0881670117"," 0.0869422033"," 0.1259871423"," 0.0951278284"," 0.1165664271"," 0.1304855049"," 0.1017292663"," 0.1111291274"," 0.0646249726"," 0.1034602746"," 0.1222344860"," 0.1215493679"," 0.0845867768"," 0.1100330725"," 0.1094043925"," 0.0988864377"," 0.0897083282"," 0.1209832355"," 0.1135375276"," 0.0918344259"," 0.1380702704"," 0.1285765171"," 0.1018307582"," 0.0932944044"," 0.0944328606"
" 0.3462606668"," 0.4929604828"," 0.1792954654"," 0.1656247377"," 0.1718043238"," 0.1558270901"," 0.1469598860"," 0.1443260461"," 0.1411550790"," 0.1320023686"," 0.1435775310"," 0.1432126909"," 0.1313180625"," 0.1319408566"," 0.1282916069"," 0.1376618147"," 0.1269611865"," 0.1262193173"," 0.1155162677"," 0.1333431751"," 0.1135896519"," 0.1212984622"," 0.1007105485"," 0.1128751710"," 0.1120139062"," 0.0928418934"," 0.1191286743"," 0.0977577567"," 0.1265922040"," 0.0962038338"," 0.0838575959"," 0.1131770685"," 0.1216746569"," 0.1186126843"," 0.1362006813"," 0.0781439468"," 0.1119296327"," 0.0686514154"," 0.0975672379"," 0.0844081119"," 0.1074768007"," 0.0816321522"," 0.0914753675"," 0.1020337716"," 0.0582844764"," 0.0995791480"," 0.0588438846"," 0.0977979302"," 0.0764283910"," 0.0695483014"
" 0.3452686071"," 0.5423879623"," 0.1987674236"," 0.2004053146"," 0.1479892135"," 0.1603168696"," 0.1430266500"," 0.1468184441"," 0.1379359514"," 0.1402228922"," 0.1357733607"," 0.1680640578"," 0.1374263018"," 0.1360011250"," 0.1444258541"," 0.1238085255"," 0.1079412103"," 0.1353809237"," 0.1041134670"," 0.1149556562"," 0.1258204728"," 0.1353744864"," 0.1392728537"," 0.1007526293"," 0.1374277323"," 0.1048917249"," 0.0999020264"," 0.1135817841"," 0.1234294698"," 0.1050980315"," 0.0915873423"," 0.1357573271"," 0.0725172982"," 0.0884901285"," 0.0814569965"," 0.0878313407"," 0.1193088070"," 0.1293560117"," 0.1162430048"," 0.1041669473"," 0.0761374012"," 0.1018676981"," 0.0959064662"," 0.0966016650"," 0.0733334944"," 0.0897631049"," 0.1085199788"," 0.1324131489"," 0.0942582563"," 0.0852593109"
" 0.5978895426"," 0.5156597495"," 0.4316558540"," 0.1869550794"," 0.1677611470"," 0.1598585993"," 0.1425438076"," 0.1401378363"," 0.1442655027"," 0.1324858218"," 0.1454937905"," 0.1374478340"," 0.1190726683"," 0.1319512725"," 0.1281094253"," 0.1348667592"," 0.1422379762"," 0.1421895176"," 0.0907218531"," 0.1400980651"," 0.1322914064"," 0.1096832827"," 0.1330101043"," 0.1080707237"," 0.1291675270"," 0.1324735582"," 0.1139886156"," 0.1230936050"," 0.1308554262"," 0.0817049146"," 0.1093138754"," 0.1108820736"," 0.0962181017"," 0.0908975899"," 0.1248317584"," 0.1395359486"," 0.0810345039"," 0.0786864981"," 0.0697951689"," 0.0729381815"," 0.0960511193"," 0.0824944153"," 0.1025683805"," 0.0876284614"," 0.1072821841"," 0.0880429670"," 0.1200075746"," 0.1038126424"," 0.1074760556"," 0.1078834906"
" 0.3463541567"," 0.5282504559"," 0.2548346221"," 0.1826007813"," 0.2202134579"," 0.1627891213"," 0.1546772420"," 0.1434333622"," 0.1409624219"," 0.1324068159"," 0.1332477033"," 0.1378057450"," 0.1415170133"," 0.1142889559"," 0.1360754967"," 0.1347440779"," 0.1371909529"," 0.1049256995"," 0.1100693941"," 0.1138833165"," 0.1281920075"," 0.1139411703"," 0.1491007656"," 0.1252577305"," 0.1002331078"," 0.0804249421"," 0.1274627596"," 0.1300760061"," 0.0887385309"," 0.0800986812"," 0.1232729331"," 0.0932816342"," 0.0781365857"," 0.1094466746"," 0.0734673962"," 0.0783537105"," 0.1229013130"," 0.0877525806"," 0.1104808077"," 0.0541297831"," 0.1070132926"," 0.1371397525"," 0.0755996630"," 0.0932484567"," 0.0896476731"," 0.1196935251"," 0.1157725826"," 0.0933417082"," 0.0642427504"," 0.0694561079"
" 0.3459071815"," 0.2257688493"," 0.2441893965"," 0.1757249236"," 0.1444295198"," 0.1681002527"," 0.1433629543"," 0.1563525051"," 0.1371429265"," 0.1403723210"," 0.1329319179"," 0.1422438174"," 0.1413717717"," 0.1271781772"," 0.1167826131"," 0.1309304684"," 0.1445630193"," 0.1354948282"," 0.1169172302"," 0.1394726187"," 0.1133439317"," 0.1100767553"," 0.1257130355"," 0.1314297765"," 0.0959317759"," 0.0973147079"," 0.1183439717"," 0.1188898683"," 0.1171486676"," 0.0909104943"," 0.1090305820"," 0.1178701147"," 0.1071909666"," 0.1148518622"," 0.1306462437"," 0.1135444865"," 0.1035574898"," 0.0873390958"," 0.0970229134"," 0.0851551965"," 0.0935403705"," 0.1145642176"," 0.0867616013"," 0.0885400772"," 0.0892791823"," 0.1271284372"," 0.1333696991"," 0.0602010489"," 0.0618391819"," 0.0783746019"
" 0.3460859954"," 0.5863981843"," 0.2113306075"," 0.1595487446"," 0.1668757051"," 0.1500246823"," 0.1415053755"," 0.1447390914"," 0.1462820172"," 0.1268581897"," 0.1441859305"," 0.1428603083"," 0.1400106847"," 0.1700935960"," 0.1213036850"," 0.1300946325"," 0.1373775154"," 0.1301215738"," 0.1223853454"," 0.1286872923"," 0.1258172542"," 0.1420866400"," 0.1275832355"," 0.1267383993"," 0.1370235384"," 0.1303642690"," 0.1180026308"," 0.1164826974"," 0.1034391224"," 0.1157175228"," 0.1465775818"," 0.1333708614"," 0.1214440092"," 0.1084970012"," 0.1138805076"," 0.1167888716"," 0.1232777461","0","0","0","0","0","0","0","0","0","0","0","0","0"
"0","0","0","0","0","0","0","0","0","0","0","0","0","0","0","0","0","0","0","0","0","0","0","0","0","0","0","0","0","0","0","0","0","0","0","0","0","0","0","0","0","0","0","0","0","0","0","0","0","0"
"0","0","0","0","0","0","0","0","0","0","0","0","0","0","0","0","0","0","0","0","0","0","0","0","0","0","0","0","0","0","0","0","0","0","0","0","0","0","0","0","0","0","0","0","0","0","0","0","0","0"
"0","0","0","0","0","0","0","0","0","0","0","0","0","0","0","0","0","0","0","0","0","0","0","0","0","0","0","0","0","0","0","0","0","0","0","0","0","0","0","0","0","0","0","0","0","0","0","0","0","0"
"0","0","0","0","0","0","0","0","0","0","0","0","0","0","0","0","0","0","0","0","0","0","0","0","0","0","0","0","0","0","0","0","0","0","0","0","0","0","0","0","0","0","0","0","0","0","0","0","0","0"
"0","0","0","0","0","0","0","0","0","0","0","0","0","0","0","0","0","0","0","0","0","0","0","0","0","0","0","0","0","0","0","0","0","0","0","0","0","0","0","0","0","0","0","0","0","0","0","0","0","0"
"0","0","0","0","0","0","0","0","0","0","0","0","0","0","0","0","0","0","0","0","0","0","0","0","0","0","0","0","0","0","0","0","0","0","0","0","0","0","0","0","0","0","0","0","0","0","0","0","0","0"
"0","0","0","0","0","0","0","0","0","0","0","0","0","0","0","0","0","0","0","0","0","0","0","0","0","0","0","0","0","0","0","0","0","0","0","0","0","0","0","0","0","0","0","0","0","0","0","0","0","0"
"0","0","0","0","0","0","0","0","0","0","0","0","0","0","0","0","0","0","0","0","0","0","0","0","0","0","0","0","0","0","0","0","0","0","0","0","0","0","0","0","0","0","0","0","0","0","0","0","0","0"
"0","0","0","0","0","0","0","0","0","0","0","0","0","0","0","0","0","0","0","0","0","0","0","0","0","0","0","0","0","0","0","0","0","0","0","0","0","0","0","0","0","0","0","0","0","0","0","0","0","0"
"0","0","0","0","0","0","0","0","0","0","0","0","0","0","0","0","0","0","0","0","0","0","0","0","0","0","0","0","0","0","0","0","0","0","0","0","0","0","0","0","0","0","0","0","0","0","0","0","0","0"
"0","0","0","0","0","0","0","0","0","0","0","0","0","0","0","0","0","0","0","0","0","0","0","0","0","0","0","0","0","0","0","0","0","0","0","0","0","0","0","0","0","0","0","0","0","0","0","0","0","0"
"0","0","0","0","0","0","0","0","0","0","0","0","0","0","0","0","0","0","0","0","0","0","0","0","0","0","0","0","0","0","0","0","0","0","0","0","0","0","0","0","0","0","0","0","0","0","0","0","0","0"
"0","0","0","0","0","0","0","0","0","0","0","0","0","0","0","0","0","0","0","0","0","0","0","0","0","0","0","0","0","0","0","0","0","0","0","0","0","0","0","0","0","0","0","0","0","0","0","0","0","0"
"0","0","0","0","0","0","0","0","0","0","0","0","0","0","0","0","0","0","0","0","0","0","0","0","0","0","0","0","0","0","0","0","0","0","0","0","0","0","0","0","0","0","0","0","0","0","0","0","0","0"
"0","0","0","0","0","0","0","0","0","0","0","0","0","0","0","0","0","0","0","0","0","0","0","0","0","0","0","0","0","0","0","0","0","0","0","0","0","0","0","0","0","0","0","0","0","0","0","0","0","0"
"0","0","0","0","0","0","0","0","0","0","0","0","0","0","0","0","0","0","0","0","0","0","0","0","0","0","0","0","0","0","0","0","0","0","0","0","0","0","0","0","0","0","0","0","0","0","0","0","0","0"
"0","0","0","0","0","0","0","0","0","0","0","0","0","0","0","0","0","0","0","0","0","0","0","0","0","0","0","0","0","0","0","0","0","0","0","0","0","0","0","0","0","0","0","0","0","0","0","0","0","0"
"0","0","0","0","0","0","0","0","0","0","0","0","0","0","0","0","0","0","0","0","0","0","0","0","0","0","0","0","0","0","0","0","0","0","0","0","0","0","0","0","0","0","0","0","0","0","0","0","0","0"
"0","0","0","0","0","0","0","0","0","0","0","0","0","0","0","0","0","0","0","0","0","0","0","0","0","0","0","0","0","0","0","0","0","0","0","0","0","0","0","0","0","0","0","0","0","0","0","0","0","0"
"0","0","0","0","0","0","0","0","0","0","0","0","0","0","0","0","0","0","0","0","0","0","0","0","0","0","0","0","0","0","0","0","0","0","0","0","0","0","0","0","0","0","0","0","0","0","0","0","0","0"
"0","0","0","0","0","0","0","0","0","0","0","0","0","0","0","0","0","0","0","0","0","0","0","0","0","0","0","0","0","0","0","0","0","0","0","0","0","0","0","0","0","0","0","0","0","0","0","0","0","0"
"0","0","0","0","0","0","0","0","0","0","0","0","0","0","0","0","0","0","0","0","0","0","0","0","0","0","0","0","0","0","0","0","0","0","0","0","0","0","0","0","0","0","0","0","0","0","0","0","0","0"
"0","0","0","0","0","0","0","0","0","0","0","0","0","0","0","0","0","0","0","0","0","0","0","0","0","0","0","0","0","0","0","0","0","0","0","0","0","0","0","0","0","0","0","0","0","0","0","0","0","0"
